French,English
partie,part
histoire,history
seulement,only
police,police
pensais,thought
aide,help
demande,request
mois,month
frère,brother
laisser,let
car,because
aucun,no
laisse,leash
ville,city
chaque,each
parlé,speak
arrivé,come
devrait,should
bébé,baby
vont,will
pendant,while
revoir,meet again
aucune,any
parle,speak
compris,understood
savais,knew
étaient,were
attention,Warning
voici,here is
pourrais,could
donner,give
type,type
donné,given
yeux,eyes
façon,way
écoute,listen
dont,whose
trouve,find
perdu,lost
main,hand
côté,side
pouvoir,power
vieux,old
tiens,here
matin,morning
tellement,so much
enfant,child
point,point
venez,come
devant,in front of
minutes,minutes
demandé,request
mis,placed
belle,beautiful
droit,law
aujourd'hui,today
mari,husband
cause,cause
enfin,finally
espère,hope
eau,water
nouvelle,new
boulot,job
arrêter,Stop
terre,Earth
compte,account
donne,given
loin,far
fin,end
croire,believe
chérie,sweetheart
gros,large
plutôt,rather
aura,will have
filles,girls
jouer,to play
